{"cameraMode":{"drawMode":0,"name":"Shaded","section":"Shading Mode"},"sceneLighting":true,"audioPlay":false,"sceneViewState":{"m_AlwaysRefresh":false,"showFog":true,"showSkybox":true,"showFlares":true,"showImageEffects":true,"showParticleSystems":true,"showVisualEffectGraphs":true,"m_FxEnabled":true},"in2DMode":false,"pivot":{"x":-0.8768826723098755,"y":1.0396970510482789,"z":0.9102931022644043},"rotation":{"x":-0.05294166877865791,"y":0.946086049079895,"z":-0.24693360924720765,"w":-0.20283736288547517},"size":5.346477508544922,"orthographic":false}