{"cameraMode":{"drawMode":0,"name":"Shaded","section":"Shading Mode"},"sceneLighting":true,"audioPlay":false,"sceneViewState":{"m_AlwaysRefresh":false,"showFog":true,"showSkybox":true,"showFlares":true,"showImageEffects":true,"showParticleSystems":true,"showVisualEffectGraphs":true,"m_FxEnabled":true},"in2DMode":false,"pivot":{"x":-9.422886848449707,"y":-10.621801376342774,"z":-7.519103050231934},"rotation":{"x":-0.020493747666478158,"y":0.9751879572868347,"z":-0.19596199691295625,"w":-0.10184462368488312},"size":20.866233825683595,"orthographic":false}